date,value
2019-12,1.043152195407550
2020-01,1.062895381548710
2020-02,1.087214380348000
2020-03,1.110868061558440
2020-04,1.097358347000550
2020-05,1.076246724573380
2020-06,1.060855271992850
2020-07,1.052402404476600
2020-08,1.048380255953910
2020-09,1.047315217065550
2020-10,1.048369843728560
2020-11,1.054867150869210
2020-12,1.043233642572410
2021-01,1.037199733866710
2021-02,1.033670757906130
2021-03,1.024298423535970
2021-04,1.017152763830370
2021-05,1.012403638836800
2021-06,1.010535746024410
2021-07,1.010790070658240
2021-08,1.013574144040330
2021-09,1.020750571052770
2021-10,1.022403395175510
2021-11,1.026924637438660
2021-12,1.033017426668440
2022-01,1.042767938662560
2022-02,1.039229459879350
2022-03,1.038291262347510
2022-04,1.042486149670320
2022-05,1.046034515917200
2022-06,1.056379621128880
2022-07,1.057145118888050
2022-08,1.056743448683130
2022-09,1.060244343964380
2022-10,1.056805314883050
2022-11,1.048956407707010
2022-12,1.045369461651970
2023-01,1.041514413765250
2023-02,1.032027802314970
2023-03,1.025544488712130
2023-04,1.019581133030130
2023-05,1.018541611754400
2023-06,1.018551509292010
2023-07,1.015775884038320
2023-08,1.016690056109430
2023-09,1.018446593579170
2023-10,1.019401366743620
2023-11,1.019867133017110
2023-12,1.015793866814340
2024-01,1.009029649588570
2024-02,1.004573920217350
2024-03,1.001035605269720
2024-04,1.000883367919240
2024-05,0.996511146825420
2024-06,0.994921552617493
2024-07,0.996088896927744
2024-08,0.992979976729882
2024-09,0.993045987298900
2024-10,0.998094208660832
2024-11,1.007064902037590
2024-12,1.010310933346670
2025-01,1.004486653123090
2025-02,1.001835484034760
2025-03,0.998036255781098
2025-04,0.990324567733691
2025-05,0.983914094415733
2025-06,0.977272590122988
2025-07,0.972422564458625
2025-08,0.971233601850104
2025-09,0.968950641772235
2025-10,0.968753446202918
