month,finu_level,finu_log_change
2019-12,1.04315219540755,
2020-01,1.06289538154871,0.01874959022025519
2020-02,1.087214380348,0.022622134318550785
2020-03,1.11086806155844,0.021522936407690332
2020-04,1.09735834700055,-0.012235958287447033
2020-05,1.07624672457338,-0.01942605545939572
2020-06,1.06085527199285,-0.014404290227741407
2020-07,1.0524024044766,-0.007999888220942435
2020-08,1.04838025595391,-0.0038291951976663716
2020-09,1.04731521706555,-0.001016406241995508
2020-10,1.04836984372856,0.0010064744667671146
2020-11,1.05486715086921,0.006178407688387115
2020-12,1.04323364257241,-0.01108967458364925
2021-01,1.03719973386671,-0.00580064297451921
2021-02,1.03367075790613,-0.0034082086645347578
2021-03,1.02429842353597,-0.009108396035184943
2021-04,1.01715276383037,-0.007000597352401433
2021-05,1.0124036388368,-0.004679972091758711
2021-06,1.01053574602441,-0.0018467121231760671
2021-07,1.01079007065824,0.00025164140592584707
2021-08,1.01357414404033,0.0027505674296606766
2021-09,1.02075057105277,0.007055369999030921
2021-10,1.02240339517551,0.0016179147637451865
2021-11,1.02692463743866,0.0044124215613190795
2021-12,1.03301742666844,0.005915512968216307
2022-01,1.04276793866256,0.009394597216674652
2022-02,1.03922945987935,-0.0033991225855161387
2022-03,1.03829126234751,-0.0009031896390542371
2022-04,1.04248614967032,0.004032043967544241
2022-05,1.0460345159172,0.0033979741924828584
2022-06,1.05637962112888,0.009841247281401956
2022-07,1.05714511888805,0.0007243802527119228
2022-08,1.05674344868313,-0.00038002969117322026
2022-09,1.06024434396438,0.0033074337837947446
2022-10,1.05680531488305,-0.0032488912973338436
2022-11,1.04895640770701,-0.007454730932523813
2022-12,1.04536946165197,-0.003425397751858142
2023-01,1.04151441376525,-0.003694553700049707
2023-02,1.03202780231497,-0.00915021412790041
2023-03,1.02554448871213,-0.006301926875452171
2023-04,1.01958113303013,-0.005831790985971635
2023-05,1.0185416117544,-0.0010200772927247733
2023-06,1.01855150929201,9.717314842426607e-06
2023-07,1.01577588403832,-0.0027287908378313837
2023-08,1.01669005610943,0.0008995694488157068
2023-09,1.01844659357917,0.0017262112656533026
2023-10,1.01940136674362,0.000937040694792476
2023-11,1.01986713301711,0.00045679740715244484
2023-12,1.01579386681434,-0.00400191548527013
2024-01,1.00902964958857,-0.00668131551597454
2024-02,1.00457392021735,-0.004425634430345306
2024-03,1.00103560526972,-0.0035284222313433067
2024-04,1.00088336791924,-0.00015209142109387898
2024-05,0.99651114682542,-0.004377931394935899
2024-06,0.994921552617493,-0.0015964331066519934
2024-07,0.996088896927744,0.0011726150852481977
2024-08,0.992979976729882,-0.0031260081244175943
2024-09,0.9930459872989,6.64750312813755e-05
2024-10,0.998094208660832,0.00507069485996402
2024-11,1.00706490203759,0.008947672211065488
2024-12,1.01031093334667,0.0032180757333096807
2025-01,1.00448665312309,-0.005781520174735395
2025-02,1.00183548403476,-0.002642816507195305
2025-03,0.998036255781098,-0.0037994764849162256
2025-04,0.990324567733691,-0.007756868495114017
2025-05,0.983914094415733,-0.006494144776322694
2025-06,0.977272590122988,-0.006772970399979102
2025-07,0.972422564458625,-0.00497517333116335
2025-08,0.971233601850104,-0.001223429099684974
2025-09,0.968950641772235,-0.0023533446774483585
2025-10,0.968753446202918,-0.00020353527788011328
