strategy,year,sessions,net_return_pct,cagr_pct,sharpe,sortino,max_drawdown_pct,daily_win_rate_pct,mean_daily_return_bps,daily_volatility_bps
ORB30,2023,165,30.8122943276,50.7141986452,0.887385743967,1.60505432604,-49.9512934493,44.2424242424,28.7186476321,513.749968204
ORB30,2024,249,-72.4747215455,-72.899238083,-1.34770492235,-1.7245347293,-76.3035044254,46.5863453815,-40.1386189868,472.789564159
ORB30,2025,248,-37.9574601556,-38.4333034328,-0.595723309951,-0.857174876764,-65.8115086871,45.564516129,-13.1451860549,350.285704702
ORB30,2026,194,-53.3476297335,-62.8569814429,-2.00951067699,-2.73106642712,-66.6643168648,40.206185567,-35.3646451679,279.369671601
VWAP_TREND,2023,165,-78.2892977447,-90.2966857973,-2.24509645224,-3.51322960537,-83.5003008828,33.9393939394,-77.8826590532,550.688538374
VWAP_TREND,2024,249,-96.6587556477,-96.7928150921,-4.50333009622,-5.36101300719,-96.6587556477,32.5301204819,-125.738452421,443.235563329
VWAP_TREND,2025,248,-86.5399681789,-86.9683789401,-3.12633030605,-4.0313263987,-87.8363020541,37.9032258065,-73.6015314552,373.725094818
VWAP_TREND,2026,194,-94.7186229627,-97.8077600883,-7.47050369665,-7.89612803888,-95.0356782795,25.7731958763,-145.685951972,309.576553939
VWAP_REVERSION,2023,165,-82.6401750891,-93.1043003284,-3.92282467225,-4.11244896184,-83.8846283209,47.2727272727,-97.2362338327,393.486196259
VWAP_REVERSION,2024,249,-64.6504340728,-65.0905561785,-1.76649995191,-2.17051485937,-67.4737049782,48.59437751,-36.2456936167,325.718972038
VWAP_REVERSION,2025,248,-79.8310465561,-80.3452022596,-3.4544112478,-3.97652804932,-80.711977436,44.7580645161,-60.4398176139,277.746999801
VWAP_REVERSION,2026,194,-41.4271925145,-50.0834752244,-1.9473550551,-2.30430183632,-44.9242137694,50,-25.3579333946,206.713568793
MOM60,2023,165,-89.2637642428,-96.6898570346,-3.86682645723,-5.25549615636,-92.8571488261,30.9090909091,-122.192925045,501.63941188
MOM60,2024,249,-99.5959580756,-99.6219160904,-7.95550125459,-8.05788016196,-99.6048724638,25.702811245,-210.016179946,419.068942852
MOM60,2025,248,-97.6805985302,-97.8172146834,-6.58101342887,-7.11269375772,-97.9526536771,27.4193548387,-144.520201159,348.60695772
MOM60,2026,194,-98.1977181189,-99.4575400838,-11.0558910346,-9.80298825651,-98.2234604464,20.618556701,-200.705805017,288.181736832
