sessions,net_return_pct,cagr_pct,sharpe,sortino,max_drawdown_pct,daily_win_rate_pct,mean_daily_return_bps,daily_volatility_bps,strategy,split,cost_scenario,trades,trade_win_rate_pct,profit_factor,expectancy_bps_per_trade,median_trade_bps,average_holding_minutes
513,-71.4206120019,-45.9497225213,-0.359707604957,-0.552148605568,-83.436637127,45.4191033138,-11.5860569521,511.312381756,LONG_ONLY_BENCHMARK,DISCOVERY,BASE,,,,,,
171,-58.808447954,-72.9386871946,-1.87279614638,-2.55377887677,-64.1446382359,45.0292397661,-44.6595817895,378.551015173,LONG_ONLY_BENCHMARK,VALIDATION,BASE,,,,,,
172,-36.60479757,-48.7150898516,-1.22768204137,-1.7347993361,-41.1997662098,45.9302325581,-22.3540871397,289.048890663,LONG_ONLY_BENCHMARK,FINAL_OOS,BASE,,,,,,
513,-82.9006501591,-58.0030212966,-0.670691222166,-1.01332078451,-89.550203467,43.0799220273,-21.5815325901,510.810634682,LONG_ONLY_BENCHMARK,DISCOVERY,STRESS_2X_SLIPPAGE,,,,,,
171,-65.2907657013,-78.9737849794,-2.29287229631,-3.06163739168,-68.3637053008,44.4444444444,-54.6229671441,378.177503828,LONG_ONLY_BENCHMARK,VALIDATION,STRESS_2X_SLIPPAGE,,,,,,
172,-46.6322854504,-60.1497138615,-1.77772675189,-2.44482397261,-48.606356158,43.023255814,-32.3372669046,288.76102433,LONG_ONLY_BENCHMARK,FINAL_OOS,STRESS_2X_SLIPPAGE,,,,,,
513,-93.8835754694,-74.654925717,-1.29402552671,-1.89400431556,-95.8435194859,40.1559454191,-41.5574725204,509.807890814,LONG_ONLY_BENCHMARK,DISCOVERY,STRESS_4X_SLIPPAGE,,,,,,
171,-75.3619121689,-87.3111915668,-3.13488483444,-4.015609554,-76.3373699917,40.350877193,-74.5347732214,377.431040153,LONG_ONLY_BENCHMARK,VALIDATION,STRESS_4X_SLIPPAGE,,,,,,
172,-62.189654354,-75.9480394099,-2.88028267702,-3.75327755574,-63.5149314994,38.3720930233,-52.2886358673,288.185728443,LONG_ONLY_BENCHMARK,FINAL_OOS,STRESS_4X_SLIPPAGE,,,,,,
513,-81.4439977293,-56.2821282345,-0.735361510357,-1.05001382746,-92.3879515672,45.0292397661,-21.7790598945,470.152234987,ORB30,DISCOVERY,BASE,760,39.0789473684,0.896047762251,-14.1768543492,-77.6206682818,212.671052632
171,-19.2395929957,-27.0139444676,-0.328981981051,-0.482617064246,-37.4526388453,43.8596491228,-6.93697001986,334.732573491,ORB30,VALIDATION,BASE,257,43.1906614786,0.950187062881,-5.06593881303,-50.05761042,207.782101167
172,-30.4558425072,-41.2654682634,-1.03481669036,-1.53277832706,-50.8610911733,43.023255814,-17.5453893797,269.153391437,ORB30,FINAL_OOS,BASE,237,39.2405063291,0.848040506981,-12.722688977,-54.2015259142,227.383966245
513,-91.3323871191,-69.9207901116,-1.2198310788,-1.69690219351,-96.0105951596,42.6900584795,-36.3783107802,473.416189079,ORB30,DISCOVERY,STRESS_2X_SLIPPAGE,760,37.6315789474,0.830396373829,-24.1768543492,-87.6206682818,212.671052632
171,-37.5646887611,-50.0507656881,-1.01606949793,-1.42858607985,-39.9713889076,41.5204678363,-21.7636771274,340.023654351,ORB30,VALIDATION,STRESS_2X_SLIPPAGE,257,40.0778210117,0.859919806117,-15.065938813,-60.05761042,207.782101167
172,-45.1481883137,-58.5156343339,-1.81689252471,-2.56315954315,-60.1811046253,41.2790697674,-31.2037826918,272.632908698,ORB30,FINAL_OOS,STRESS_2X_SLIPPAGE,237,36.7088607595,0.747199593725,-22.722688977,-64.2015259142,227.383966245
513,-98.1117249813,-85.7716395584,-2.16634646442,-2.86560340833,-98.9443730479,40.5458089669,-65.5248883672,480.15189302,ORB30,DISCOVERY,STRESS_4X_SLIPPAGE,760,35.7894736842,0.715310500689,-44.1768543492,-107.620668282,212.671052632
171,-62.7035545419,-76.623845212,-2.32319859008,-3.02297347564,-63.5266701994,36.8421052632,-51.3562695426,350.919421319,ORB30,VALIDATION,STRESS_4X_SLIPPAGE,257,37.3540856031,0.707390023643,-35.065938813,-80.05761042,207.782101167
172,-65.8923250511,-79.318881189,-3.31662431147,-4.27874317963,-73.8640285502,36.6279069767,-58.4767270353,279.889784354,ORB30,FINAL_OOS,STRESS_4X_SLIPPAGE,237,32.9113924051,0.584976204017,-42.722688977,-84.2015259142,227.383966245
513,-99.8136342581,-95.4382949801,-3.7156916029,-4.8804794864,-99.854782792,33.3333333333,-110.825068743,473.476707318,VWAP_TREND,DISCOVERY,BASE,3397,20.7830438622,0.713298474053,-16.3403246654,-49.3807443122,48.0011775096
171,-63.4245666945,-77.2867524908,-2.38598771267,-3.16859896681,-65.6217654373,40.350877193,-52.5758584993,349.798900848,VWAP_TREND,VALIDATION,BASE,1016,24.5078740157,0.808402157725,-8.92894478409,-44.7537464892,54.0797244094
172,-92.4348105869,-97.7231173582,-7.51362918626,-8.0616296153,-92.8053671939,23.8372093023,-144.372301229,305.024266534,VWAP_TREND,FINAL_OOS,BASE,1095,19.5433789954,0.486213638451,-22.9368022134,-43.1018111015,50.0091324201
513,-99.9937903747,-99.1421020435,-5.67364510011,-6.6754424023,-99.9948978951,30.0194931774,-175.225786883,490.270907537,VWAP_TREND,DISCOVERY,STRESS_2X_SLIPPAGE,3397,19.2228436856,0.594777434679,-26.3403246654,-59.3807443122,48.0011775096
171,-86.7771586706,-94.9288061538,-4.75581851235,-5.56844237416,-86.7771586706,33.918128655,-110.785898406,369.79367719,VWAP_TREND,VALIDATION,STRESS_2X_SLIPPAGE,1016,22.2440944882,0.651293492876,-18.9289447841,-54.7537464892,54.0797244094
172,-97.4731983813,-99.5433526077,-10.0387766654,-9.4914519887,-97.5138694056,19.7674418605,-206.271644321,326.181261874,VWAP_TREND,FINAL_OOS,STRESS_2X_SLIPPAGE,1095,16.8949771689,0.376604141302,-32.9368022134,-53.1018111015,50.0091324201
513,-99.999993146,-99.9697438501,-9.15026937842,-9.00667314055,-99.9999937378,23.0019493177,-302.656520999,525.069058049,VWAP_TREND,DISCOVERY,STRESS_4X_SLIPPAGE,3397,16.4851339417,0.431008811046,-46.3403246654,-79.3807443122,48.0011775096
171,-98.2747852923,-99.7478473177,-8.7371884023,-8.44992329717,-98.2747852923,25.1461988304,-226.063119247,410.731759411,VWAP_TREND,VALIDATION,STRESS_4X_SLIPPAGE,1016,19.3897637795,0.44501975674,-38.9289447841,-74.7537464892,54.0797244094
172,-99.7186440818,-99.981682613,-14.1247635823,-11.1372980785,-99.7186440818,15.1162790698,-328.775628725,369.503622065,VWAP_TREND,FINAL_OOS,STRESS_4X_SLIPPAGE,1095,13.0593607306,0.242091254624,-52.9368022134,-73.1018111015,50.0091324201
513,-94.4843569447,-75.9100051716,-2.27278236664,-2.62991381938,-95.5330545972,49.7076023392,-49.9563823804,348.926055004,VWAP_REVERSION,DISCOVERY,BASE,1146,63.1762652705,0.741227282131,-21.8069916361,38.2213781287,97.3080279232
171,-76.1961027749,-87.9392004934,-5.17344443545,-5.54486514331,-81.2060435509,39.1812865497,-80.4929098551,246.989282793,VWAP_REVERSION,VALIDATION,BASE,356,55.6179775281,0.489981907107,-38.8474468767,13.2831658105,111.629213483
172,-44.784042107,-58.111514136,-2.61485664323,-2.91650563421,-44.9242137694,49.4186046512,-32.4753394965,197.154223975,VWAP_REVERSION,FINAL_OOS,BASE,381,61.6797900262,0.697099256567,-14.5886214357,20.0701227147,101.194225722
513,-98.2490478509,-86.289698241,-3.33424522222,-3.71179478747,-98.5334089948,46.783625731,-72.3215640083,344.326574755,VWAP_REVERSION,DISCOVERY,STRESS_2X_SLIPPAGE,1146,60.5584642234,0.638923783247,-31.8069916361,28.2213781287,97.3080279232
171,-83.3344579746,-92.8680613221,-6.68334526068,-6.74178842266,-86.30446981,30.9941520468,-101.294628848,240.598430839,VWAP_REVERSION,VALIDATION,STRESS_2X_SLIPPAGE,356,51.404494382,0.395627873753,-48.8474468767,3.28316581054,111.629213483
172,-62.2978543364,-76.0488137245,-4.510542825,-4.71672275023,-62.2978543364,41.8604651163,-54.6480282299,192.32952389,VWAP_REVERSION,FINAL_OOS,STRESS_2X_SLIPPAGE,381,55.1181102362,0.529460444342,-24.5886214357,10.0701227147,101.194225722
513,-99.8238539314,-95.5629381104,-5.52654489184,-5.68676339802,-99.8452018216,36.2573099415,-116.909450196,335.811980743,VWAP_REVERSION,DISCOVERY,STRESS_4X_SLIPPAGE,1146,52.7923211169,0.464137134697,-51.8069916361,8.22137812867,97.3080279232
171,-91.8355526107,-97.5081396619,-9.91054511838,-8.82355548985,-92.7581765284,21.0526315789,-142.770808193,228.687351773,VWAP_REVERSION,VALIDATION,STRESS_4X_SLIPPAGE,356,42.6966292135,0.246638190444,-68.8474468767,-16.7168341895,111.629213483
172,-82.4321785411,-92.1760887882,-8.54195436015,-7.7907975155,-82.4321785411,25.5813953488,-98.8552161887,183.714152623,VWAP_REVERSION,FINAL_OOS,STRESS_4X_SLIPPAGE,381,45.9317585302,0.283363144327,-44.5886214357,-9.92987728525,101.194225722
513,-99.9945264937,-99.1936632662,-6.42280333909,-7.21111247817,-99.9963269777,27.8752436647,-179.661203819,444.048033661,MOM60,DISCOVERY,BASE,5023,23.5715707744,0.625754397766,-18.2495880025,-35.8150851582,32.8608401354
171,-87.9449158358,-95.5747776154,-5.7815874366,-6.62390527745,-88.6294631999,26.3157894737,-117.756043547,323.322834791,MOM60,VALIDATION,BASE,1563,24.6321177223,0.663205237613,-13.0096775125,-31.3404400091,35.3166986564
172,-97.2518448479,-99.4835670766,-11.8965396396,-10.0978991027,-97.2910972593,20.3488372093,-203.089049383,270.998022087,MOM60,FINAL_OOS,BASE,1627,21.3890596189,0.423799191139,-21.7130360925,-30.768126346,33.7984019668
513,-99.9999643745,-99.932010182,-9.43058292288,-9.14923984693,-99.9999744108,21.4424951267,-274.548900585,462.148386551,MOM60,DISCOVERY,STRESS_2X_SLIPPAGE,5023,20.1871391599,0.500665373716,-28.2495880025,-45.8150851582,32.8608401354
171,-97.483729992,-99.5602344575,-9.44024583295,-9.03423571901,-97.6147406103,21.6374269006,-206.954035304,348.009312421,MOM60,VALIDATION,STRESS_2X_SLIPPAGE,1563,21.2412028151,0.50343745735,-23.0096775125,-41.3404400091,35.3166986564
172,-99.4619663184,-99.9526443278,-15.9771598671,-11.5758161897,-99.4619663184,13.3720930233,-294.831251566,292.936983868,MOM60,FINAL_OOS,STRESS_2X_SLIPPAGE,1627,16.9637369392,0.306976116465,-31.7130360925,-40.768126346,33.7984019668
513,-99.9999999985,-99.9995199205,-14.6182192372,-11.3368007726,-99.9999999988,14.0350877193,-461.480842504,501.140470372,MOM60,DISCOVERY,STRESS_4X_SLIPPAGE,5023,15.3493927932,0.3395910574,-48.2495880025,-65.8150851582,32.8608401354
171,-99.8908478483,-99.9956848592,-15.2013494256,-11.3841635125,-99.8954914497,15.7894736842,-382.803143274,399.75474144,MOM60,VALIDATION,STRESS_4X_SLIPPAGE,1563,16.5067178503,0.313090204866,-43.0096775125,-61.3404400091,35.3166986564
172,-99.9794684571,-99.9996043886,-22.15779118,-13.0081695546,-99.9794684571,8.13953488372,-475.61831256,340.747260536,MOM60,FINAL_OOS,STRESS_4X_SLIPPAGE,1627,12.2925629994,0.178049659749,-51.7130360925,-60.768126346,33.7984019668
